f1_distancia_promedio,f2_distancia_maxima,f3_numero_centros,centros
57.082257357436454,190.624696,3,"Casas, Gustavo Díaz Ordaz, Valle Hermoso"
31.4838538804033,166.394431,4,"González, Gustavo Díaz Ordaz, Matamoros, San Fernando"
20.487328985594157,218.757001,4,"González, Matamoros, Río Bravo, San Fernando"
57.96026278850363,171.210441,3,"Gustavo Díaz Ordaz, Llera, Valle Hermoso"
39.789813631059396,197.327862,3,"González, Reynosa, San Fernando"
16.62166718898823,218.757001,5,"González, Matamoros, Río Bravo, San Fernando, Valle Hermoso"
59.77113611663137,166.394431,3,"González, Gustavo Díaz Ordaz, San Fernando"
32.56141237266288,218.757001,3,"González, Río Bravo, San Fernando"
17.352438277929657,197.327862,5,"González, Matamoros, Reynosa, Río Bravo, San Fernando"
21.42255192661401,197.327862,4,"González, Matamoros, Reynosa, San Fernando"
13.486776481323737,197.327862,6,"González, Matamoros, Reynosa, Río Bravo, San Fernando, Valle Hermoso"
9.64548053305068,197.327862,7,"Casas, González, Matamoros, Reynosa, Río Bravo, San Fernando, Valle Hermoso"
57.53560466761939,176.097157,3,"Gustavo Díaz Ordaz, Soto la Marina, Valle Hermoso"
3.721808806322683,197.327862,10,"Altamira, Casas, González, Matamoros, Méndez, Reynosa, Río Bravo, San Fernando, Soto la Marina, Valle Hermoso"
12.780371240715173,218.757001,6,"Casas, González, Matamoros, Río Bravo, San Fernando, Valle Hermoso"
19.509264540550127,159.121441,5,"Camargo, González, Matamoros, Río Bravo, San Fernando"
28.168142640762028,128.460678,5,"Casas, González, Mier, Río Bravo, San Fernando"
27.985636966192395,129.804564,5,"Casas, González, Miguel Alemán, Río Bravo, San Fernando"
15.911553579123666,129.804564,6,"Casas, González, Matamoros, Miguel Alemán, Río Bravo, San Fernando"
12.228397457087373,128.460678,7,"Casas, González, Matamoros, Mier, Río Bravo, San Fernando, Valle Hermoso"
16.0940592536933,128.460678,6,"Casas, González, Matamoros, Mier, Río Bravo, San Fernando"
9.19957393460242,91.820321,10,"González, Gustavo Díaz Ordaz, Llera, Matamoros, Méndez, Nuevo Laredo, Padilla, Río Bravo, San Fernando, Valle Hermoso"
31.583347927618853,159.121441,4,"Camargo, González, Río Bravo, San Fernando"
13.762580065320183,106.008269,7,"González, Guerrero, Matamoros, Río Bravo, San Fernando, Valle Hermoso, Victoria"
70.87439659669022,159.121441,3,"Camargo, González, San Fernando"
4.541930459080558,197.327862,9,"Altamira, Casas, González, Matamoros, Méndez, Reynosa, Río Bravo, San Fernando, Valle Hermoso"
27.985130795785803,91.820321,7,"González, Gustavo Díaz Ordaz, Llera, Matamoros, Nuevo Laredo, Padilla, San Fernando"
13.629647646046207,122.698237,7,"González, Matamoros, Mier, Río Bravo, San Fernando, Valle Hermoso, Victoria"
12.045891782517742,129.804564,7,"Casas, González, Matamoros, Miguel Alemán, Río Bravo, San Fernando, Valle Hermoso"
9.639804742129789,218.757001,7,"Casas, González, Matamoros, Méndez, Río Bravo, San Fernando, Valle Hermoso"
8.905325283932356,129.804564,8,"Casas, González, Matamoros, Méndez, Miguel Alemán, Río Bravo, San Fernando, Valle Hermoso"
15.643602743944205,159.121441,6,"Camargo, González, Matamoros, Río Bravo, San Fernando, Valle Hermoso"
10.623338635054765,106.008269,8,"González, Guerrero, Matamoros, Méndez, Río Bravo, San Fernando, Valle Hermoso, Victoria"
7.695430331374136,106.008269,9,"González, Guerrero, Matamoros, Méndez, Reynosa, Río Bravo, San Fernando, Valle Hermoso, Victoria"
12.144879659326712,91.820321,9,"Camargo, González, Llera, Matamoros, Nuevo Laredo, Padilla, Río Bravo, San Fernando, Valle Hermoso"
6.0436551302018975,129.804564,9,"Casas, González, Matamoros, Méndez, Miguel Alemán, Reynosa, Río Bravo, San Fernando, Valle Hermoso"
6.504914034465295,197.327862,8,"Casas, González, Matamoros, Méndez, Reynosa, Río Bravo, San Fernando, Valle Hermoso"
13.20355698462998,103.28924,8,"Camargo, González, Matamoros, Nuevo Laredo, Río Bravo, San Fernando, Valle Hermoso, Victoria"
16.010541455932636,91.820321,8,"Camargo, González, Llera, Matamoros, Nuevo Laredo, Padilla, Río Bravo, San Fernando"
27.742051979345796,146.150389,5,"Camargo, Casas, González, Río Bravo, San Fernando"
17.49530944265213,122.698237,6,"González, Matamoros, Mier, Río Bravo, San Fernando, Victoria"
29.569392829720854,122.698237,5,"González, Mier, Río Bravo, San Fernando, Victoria"
4.080671554817162,129.804564,10,"Altamira, Casas, González, Matamoros, Méndez, Miguel Alemán, Reynosa, Río Bravo, San Fernando, Valle Hermoso"
26.655824053854097,89.54682,8,"Casas, González, Gustavo Díaz Ordaz, Llera, Matamoros, Nuevo Laredo, San Fernando, San Nicolás"
15.66796859227707,146.150389,6,"Camargo, Casas, González, Matamoros, Río Bravo, San Fernando"
5.8811957481439885,146.150389,9,"Camargo, Casas, González, Matamoros, Méndez, Reynosa, Río Bravo, San Fernando, Valle Hermoso"
53.56391419730214,128.460678,4,"Casas, González, Mier, Valle Hermoso"
17.069218781235904,103.28924,7,"Camargo, González, Matamoros, Nuevo Laredo, Río Bravo, San Fernando, Victoria"
29.04380812108907,103.28924,6,"González, Gustavo Díaz Ordaz, Matamoros, Nuevo Laredo, San Fernando, Victoria"
29.702325248994832,106.008269,5,"González, Guerrero, Río Bravo, San Fernando, Victoria"
10.815572917395006,89.54682,10,"Camargo, Casas, González, Llera, Matamoros, Nuevo Laredo, Río Bravo, San Fernando, San Nicolás, Valle Hermoso"
17.628241861926107,106.008269,6,"González, Guerrero, Matamoros, Río Bravo, San Fernando, Victoria"
14.68123471400093,89.54682,9,"Camargo, Casas, González, Llera, Matamoros, Nuevo Laredo, Río Bravo, San Fernando, San Nicolás"
39.24114968378519,89.54682,7,"Casas, González, Gustavo Díaz Ordaz, Llera, Matamoros, Nuevo Laredo, San Nicolás"
41.21338061048691,97.088288,6,"González, Gustavo Díaz Ordaz, Llera, Matamoros, Nuevo Laredo, San Nicolás"
11.802306795671146,146.150389,7,"Camargo, Casas, González, Matamoros, Río Bravo, San Fernando, Valle Hermoso"
40.92797389434545,99.762503,6,"González, Gustavo Díaz Ordaz, Matamoros, Nuevo Laredo, San Nicolás, Victoria"
8.66174029708576,146.150389,8,"Camargo, Casas, González, Matamoros, Méndez, Río Bravo, San Fernando, Valle Hermoso"
3.9182121727592514,146.150389,10,"Altamira, Camargo, Casas, González, Matamoros, Méndez, Reynosa, Río Bravo, San Fernando, Valle Hermoso"
9.087830958501987,128.460678,8,"Casas, González, Matamoros, Méndez, Mier, Río Bravo, San Fernando, Valle Hermoso"
7.283771005422787,103.28924,10,"Camargo, González, Matamoros, Méndez, Nuevo Laredo, Reynosa, Río Bravo, San Fernando, Valle Hermoso, Victoria"
6.159922654821361,128.460678,9,"Casas, González, Matamoros, Méndez, Mier, Reynosa, Río Bravo, San Fernando, Valle Hermoso"
5.7324467559894,106.008269,10,"Altamira, González, Guerrero, Matamoros, Méndez, Reynosa, Río Bravo, San Fernando, Valle Hermoso, Victoria"
10.490406215780789,122.698237,8,"González, Matamoros, Méndez, Mier, Río Bravo, San Fernando, Valle Hermoso, Victoria"
5.5995143367154245,122.698237,10,"Altamira, González, Matamoros, Méndez, Mier, Reynosa, Río Bravo, San Fernando, Valle Hermoso, Victoria"
7.562497912100159,122.698237,9,"González, Matamoros, Méndez, Mier, Reynosa, Río Bravo, San Fernando, Valle Hermoso, Victoria"
4.196939079436624,128.460678,10,"Altamira, Casas, González, Matamoros, Méndez, Mier, Reynosa, Río Bravo, San Fernando, Valle Hermoso"
41.343363354687035,95.229076,6,"Aldama, Gustavo Díaz Ordaz, Llera, Matamoros, Nuevo Laredo, San Nicolás"
74.24941736268339,150.277393,3,"Camargo, San Fernando, Xicoténcatl"
34.95836869361204,150.277393,4,"Camargo, Río Bravo, San Fernando, Xicoténcatl"
22.884285306543312,150.277393,5,"Camargo, Matamoros, Río Bravo, San Fernando, Xicoténcatl"
10.064315554364562,103.28924,9,"Camargo, González, Matamoros, Méndez, Nuevo Laredo, Río Bravo, San Fernando, Valle Hermoso, Victoria"
12.098977659654176,81.482774,10,"Aldama, Gustavo Díaz Ordaz, Hidalgo, Matamoros, Nuevo Laredo, Río Bravo, San Fernando, Soto la Marina, Tula, Valle Hermoso"
22.497550431350962,64.340019,10,"Altamira, Guerrero, Hidalgo, Matamoros, Méndez, Nuevo Laredo, Río Bravo, Soto la Marina, Tula, Xicoténcatl"
47.608453317710584,129.044191,4,"Guerrero, El Mante, Río Bravo, San Nicolás"
13.246386565980444,74.208543,10,"Altamira, Camargo, Casas, González, Hidalgo, Matamoros, Nuevo Laredo, Río Bravo, San Fernando, Tula"
5.2718509238177536,125.23272,10,"Altamira, González, Güémez, Guerrero, Matamoros, Méndez, Reynosa, Río Bravo, San Fernando, Valle Hermoso"
27.274276365291637,69.722158,9,"Altamira, Camargo, Casas, Hidalgo, Nuevo Laredo, Río Bravo, San Fernando, Tula, Xicoténcatl"
15.200192978222915,69.722158,10,"Altamira, Camargo, Casas, Hidalgo, Matamoros, Nuevo Laredo, Río Bravo, San Fernando, Tula, Xicoténcatl"
10.16274280288312,125.23272,8,"González, Güémez, Guerrero, Matamoros, Méndez, Río Bravo, San Fernando, Valle Hermoso"
13.215097476480278,125.23272,7,"González, Güémez, Guerrero, Matamoros, Río Bravo, San Fernando, Valle Hermoso"
7.234834499202491,125.23272,9,"González, Güémez, Guerrero, Matamoros, Méndez, Reynosa, Río Bravo, San Fernando, Valle Hermoso"
17.080759273086198,125.23272,6,"González, Güémez, Guerrero, Matamoros, Río Bravo, San Fernando"
29.154842660154923,125.23272,5,"González, Güémez, Guerrero, Río Bravo, San Fernando"
24.272276054278006,64.305504,10,"Altamira, Camargo, Casas, Hidalgo, El Mante, Méndez, Nuevo Laredo, Río Bravo, San Fernando, Tula"
12.96796895499244,80.642886,10,"Altamira, Camargo, Casas, González, Matamoros, Nuevo Laredo, Río Bravo, San Fernando, San Nicolás, Tula"
25.220975905833615,74.208543,9,"Altamira, Casas, González, Gustavo Díaz Ordaz, Hidalgo, Matamoros, Nuevo Laredo, San Fernando, Tula"
15.643140333924269,81.482774,9,"Altamira, Camargo, Casas, Matamoros, Nuevo Laredo, Río Bravo, San Fernando, San Nicolás, Tula"
81.97187386326387,146.150389,3,"Camargo, Méndez, Xicoténcatl"
41.47897858696889,146.150389,4,"Camargo, Méndez, Río Bravo, Xicoténcatl"
54.50693537575296,125.23272,4,"González, Güémez, Guerrero, Valle Hermoso"
33.68500111597843,64.305504,9,"Altamira, Camargo, Casas, Hidalgo, El Mante, Méndez, Nuevo Laredo, Río Bravo, Tula"
24.942558294845607,80.642886,9,"Altamira, Casas, González, Gustavo Díaz Ordaz, Matamoros, Nuevo Laredo, San Fernando, San Nicolás, Tula"
40.203055303708524,81.482774,7,"Altamira, Casas, Gustavo Díaz Ordaz, Matamoros, Nuevo Laredo, San Nicolás, Tula"
27.617729673777436,81.482774,8,"Altamira, Casas, Gustavo Díaz Ordaz, Matamoros, Nuevo Laredo, San Fernando, San Nicolás, Tula"
89.5044624580781,138.045942,3,"El Mante, Méndez, Miguel Alemán"
37.527883924776695,80.642886,8,"Altamira, Casas, González, Gustavo Díaz Ordaz, Matamoros, Nuevo Laredo, San Nicolás, Tula"
42.759693925919166,138.045942,4,"El Mante, Méndez, Mier, Río Bravo"
